{
  "ExpressionLimit": {"Type": "First"},
  "CollapseSettings": {
    "CollapseType": "ERA",
    "EraPad": 0
  },
  "CensorWindow": {
    "StartDate": null,
    "EndDate": null
  },
  "ConceptSets": [
    {
      "expression": {"items": [{
        "isExcluded": false,
        "concept": {
          "INVALID_REASON_CAPTION": "Valid",
          "CONCEPT_ID": 1367500,
          "STANDARD_CONCEPT": "S",
          "CONCEPT_CODE": "52175",
          "VOCABULARY_ID": "RxNorm",
          "CONCEPT_NAME": "Losartan",
          "DOMAIN_ID": "Drug",
          "STANDARD_CONCEPT_CAPTION": "Standard",
          "CONCEPT_CLASS_ID": "Ingredient",
          "INVALID_REASON": "V"
        },
        "includeMapped": false,
        "includeDescendants": true
      }]},
      "name": "ARB",
      "id": 0
    },
    {
      "expression": {"items": [{
        "isExcluded": false,
        "concept": {
          "INVALID_REASON_CAPTION": "Valid",
          "CONCEPT_ID": 1332418,
          "STANDARD_CONCEPT": "S",
          "CONCEPT_CODE": "17767",
          "VOCABULARY_ID": "RxNorm",
          "CONCEPT_NAME": "Amlodipine",
          "DOMAIN_ID": "Drug",
          "STANDARD_CONCEPT_CAPTION": "Standard",
          "CONCEPT_CLASS_ID": "Ingredient",
          "INVALID_REASON": "V"
        },
        "includeMapped": false,
        "includeDescendants": true
      }]},
      "name": "CCB",
      "id": 1
    },
    {
      "expression": {"items": [{
        "isExcluded": false,
        "concept": {
          "INVALID_REASON_CAPTION": "Valid",
          "CONCEPT_ID": 36712851,
          "STANDARD_CONCEPT": "S",
          "CONCEPT_CODE": "12591000132100",
          "VOCABULARY_ID": "SNOMED",
          "CONCEPT_NAME": "Suspected SARS",
          "DOMAIN_ID": "Observation",
          "STANDARD_CONCEPT_CAPTION": "Standard",
          "CONCEPT_CLASS_ID": "Context-dependent",
          "INVALID_REASON": "V"
        },
        "includeMapped": false,
        "includeDescendants": false
      }]},
      "name": "Suspection of COVID-19 ",
      "id": 2
    },
    {
      "expression": {"items": [{
        "isExcluded": false,
        "concept": {
          "INVALID_REASON_CAPTION": "Valid",
          "CONCEPT_ID": 320128,
          "STANDARD_CONCEPT": "S",
          "CONCEPT_CODE": "59621000",
          "VOCABULARY_ID": "SNOMED",
          "CONCEPT_NAME": "Essential hypertension",
          "DOMAIN_ID": "Condition",
          "STANDARD_CONCEPT_CAPTION": "Standard",
          "CONCEPT_CLASS_ID": "Clinical Finding",
          "INVALID_REASON": "V"
        },
        "includeMapped": false,
        "includeDescendants": true
      }]},
      "name": "Hypertension",
      "id": 3
    },
    {
      "expression": {"items": [{
        "isExcluded": false,
        "concept": {
          "INVALID_REASON_CAPTION": "Valid",
          "CONCEPT_ID": 316139,
          "STANDARD_CONCEPT": "S",
          "CONCEPT_CODE": "84114007",
          "VOCABULARY_ID": "SNOMED",
          "CONCEPT_NAME": "Heart failure",
          "DOMAIN_ID": "Condition",
          "STANDARD_CONCEPT_CAPTION": "Standard",
          "CONCEPT_CLASS_ID": "Clinical Finding",
          "INVALID_REASON": "V"
        },
        "includeMapped": false,
        "includeDescendants": true
      }]},
      "name": "Heart failure",
      "id": 4
    },
    {
      "expression": {"items": [{
        "isExcluded": false,
        "concept": {
          "INVALID_REASON_CAPTION": "Valid",
          "CONCEPT_ID": 1334456,
          "STANDARD_CONCEPT": "S",
          "CONCEPT_CODE": "35296",
          "VOCABULARY_ID": "RxNorm",
          "CONCEPT_NAME": "Ramipril",
          "DOMAIN_ID": "Drug",
          "STANDARD_CONCEPT_CAPTION": "Standard",
          "CONCEPT_CLASS_ID": "Ingredient",
          "INVALID_REASON": "V"
        },
        "includeMapped": false,
        "includeDescendants": true
      }]},
      "name": "ACEi",
      "id": 5
    }
  ],
  "cdmVersionRange": ">=5.0.0",
  "CensoringCriteria": [],
  "QualifiedLimit": {"Type": "First"},
  "InclusionRules": [
    {
      "expression": {
        "CriteriaList": [{
          "RestrictVisit": false,
          "StartWindow": {
            "UseEventEnd": false,
            "Start": {
              "Days": 90,
              "Coeff": -1
            },
            "End": {
              "Days": 1,
              "Coeff": -1
            },
            "UseIndexEnd": false
          },
          "IgnoreObservationPeriod": false,
          "EndWindow": null,
          "Criteria": {"DrugEra": {
            "EraStartDate": null,
            "CorrelatedCriteria": null,
            "OccurrenceCount": null,
            "AgeAtStart": null,
            "GapDays": null,
            "CodesetId": 0,
            "AgeAtEnd": null,
            "First": null,
            "Gender": null,
            "EraLength": {
              "Op": "gte",
              "Extent": null,
              "Value": 30
            },
            "EraEndDate": {
              "Op": "gte",
              "Extent": null,
              "Value": "2019-12-31"
            }
          }},
          "Occurrence": {
            "Type": 2,
            "IsDistinct": false,
            "Count": 1
          }
        }],
        "Type": "ALL",
        "DemographicCriteriaList": [],
        "Groups": [],
        "Count": null
      },
      "name": "Continuous use of ARB until the end of previous observation period",
      "description": "Continuous use of ARB until the end of previous observation period"
    },
    {
      "expression": {
        "CriteriaList": [{
          "RestrictVisit": false,
          "StartWindow": {
            "UseEventEnd": false,
            "Start": {
              "Days": 90,
              "Coeff": -1
            },
            "End": {
              "Days": 0,
              "Coeff": 1
            },
            "UseIndexEnd": false
          },
          "IgnoreObservationPeriod": false,
          "EndWindow": null,
          "Criteria": {"DrugExposure": {
            "OccurrenceEndDate": null,
            "CorrelatedCriteria": null,
            "DrugSourceConcept": null,
            "CodesetId": 1,
            "DrugTypeExclude": false,
            "Quantity": null,
            "DrugType": null,
            "ProviderSpecialty": null,
            "EffectiveDrugDose": null,
            "Gender": null,
            "DaysSupply": null,
            "DoseUnit": null,
            "VisitType": null,
            "Refills": null,
            "First": null,
            "OccurrenceStartDate": null,
            "RouteConcept": null,
            "StopReason": null,
            "LotNumber": null,
            "Age": null
          }},
          "Occurrence": {
            "Type": 1,
            "IsDistinct": false,
            "Count": 0
          }
        }],
        "Type": "ALL",
        "DemographicCriteriaList": [],
        "Groups": [],
        "Count": null
      },
      "name": "Without CCB exposure during 90 days",
      "description": null
    },
    {
      "expression": {
        "CriteriaList": [{
          "RestrictVisit": false,
          "StartWindow": {
            "UseEventEnd": false,
            "Start": {
              "Days": 90,
              "Coeff": -1
            },
            "End": {
              "Days": 0,
              "Coeff": 1
            },
            "UseIndexEnd": false
          },
          "IgnoreObservationPeriod": false,
          "EndWindow": null,
          "Criteria": {"DrugExposure": {
            "OccurrenceEndDate": null,
            "CorrelatedCriteria": null,
            "DrugSourceConcept": null,
            "CodesetId": 5,
            "DrugTypeExclude": false,
            "Quantity": null,
            "DrugType": null,
            "ProviderSpecialty": null,
            "EffectiveDrugDose": null,
            "Gender": null,
            "DaysSupply": null,
            "DoseUnit": null,
            "VisitType": null,
            "Refills": null,
            "First": null,
            "OccurrenceStartDate": null,
            "RouteConcept": null,
            "StopReason": null,
            "LotNumber": null,
            "Age": null
          }},
          "Occurrence": {
            "Type": 1,
            "IsDistinct": false,
            "Count": 0
          }
        }],
        "Type": "ALL",
        "DemographicCriteriaList": [],
        "Groups": [],
        "Count": null
      },
      "name": "Without ACEi exposre during 90 days",
      "description": null
    },
    {
      "expression": {
        "CriteriaList": [{
          "RestrictVisit": false,
          "StartWindow": {
            "UseEventEnd": false,
            "Start": {
              "Days": 365,
              "Coeff": -1
            },
            "End": {
              "Days": 1,
              "Coeff": -1
            },
            "UseIndexEnd": false
          },
          "IgnoreObservationPeriod": false,
          "EndWindow": null,
          "Criteria": {"ConditionOccurrence": {
            "OccurrenceEndDate": null,
            "CorrelatedCriteria": null,
            "ConditionTypeExclude": false,
            "CodesetId": 3,
            "ProviderSpecialty": null,
            "Gender": null,
            "VisitType": null,
            "First": null,
            "OccurrenceStartDate": null,
            "ConditionType": null,
            "ConditionSourceConcept": null,
            "StopReason": null,
            "Age": null
          }},
          "Occurrence": {
            "Type": 2,
            "IsDistinct": false,
            "Count": 1
          }
        }],
        "Type": "ALL",
        "DemographicCriteriaList": [],
        "Groups": [],
        "Count": null
      },
      "name": "With hypertension diagnosis ",
      "description": null
    },
    {
      "expression": {
        "CriteriaList": [{
          "RestrictVisit": false,
          "StartWindow": {
            "UseEventEnd": false,
            "Start": {
              "Days": null,
              "Coeff": -1
            },
            "End": {
              "Days": 1,
              "Coeff": -1
            },
            "UseIndexEnd": false
          },
          "IgnoreObservationPeriod": true,
          "EndWindow": null,
          "Criteria": {"ConditionOccurrence": {
            "OccurrenceEndDate": null,
            "CorrelatedCriteria": null,
            "ConditionTypeExclude": false,
            "CodesetId": 4,
            "ProviderSpecialty": null,
            "Gender": null,
            "VisitType": null,
            "First": null,
            "OccurrenceStartDate": null,
            "ConditionType": null,
            "ConditionSourceConcept": null,
            "StopReason": null,
            "Age": null
          }},
          "Occurrence": {
            "Type": 1,
            "IsDistinct": false,
            "Count": 0
          }
        }],
        "Type": "ALL",
        "DemographicCriteriaList": [],
        "Groups": [],
        "Count": null
      },
      "name": "Without HF before",
      "description": null
    }
  ],
  "PrimaryCriteria": {
    "CriteriaList": [{"Observation": {
      "ValueAsConcept": null,
      "ObservationType": null,
      "CorrelatedCriteria": null,
      "ObservationTypeExclude": false,
      "ValueAsString": null,
      "CodesetId": 2,
      "ProviderSpecialty": null,
      "Gender": null,
      "Unit": null,
      "ObservationSourceConcept": null,
      "VisitType": null,
      "ValueAsNumber": null,
      "Qualifier": null,
      "First": null,
      "OccurrenceStartDate": null,
      "Age": null
    }}],
    "PrimaryCriteriaLimit": {"Type": "First"},
    "ObservationWindow": {
      "PostDays": 0,
      "PriorDays": 365
    }
  }
}