{
  "ExpressionLimit": {"Type": "First"},
  "CollapseSettings": {
    "CollapseType": "ERA",
    "EraPad": 0
  },
  "CensorWindow": {
    "StartDate": null,
    "EndDate": null
  },
  "ConceptSets": [
    {
      "expression": {"items": [{
        "isExcluded": false,
        "concept": {
          "INVALID_REASON_CAPTION": "Valid",
          "CONCEPT_ID": 36712851,
          "STANDARD_CONCEPT": "S",
          "CONCEPT_CODE": "12591000132100",
          "VOCABULARY_ID": "SNOMED",
          "CONCEPT_NAME": "Suspected SARS",
          "DOMAIN_ID": "Observation",
          "STANDARD_CONCEPT_CAPTION": "Standard",
          "CONCEPT_CLASS_ID": "Context-dependent",
          "INVALID_REASON": "V"
        },
        "includeMapped": false,
        "includeDescendants": false
      }]},
      "name": "Suspected COVID-19 (SARS)",
      "id": 0
    },
    {
      "expression": {"items": [{
        "isExcluded": false,
        "concept": {
          "INVALID_REASON_CAPTION": "Valid",
          "CONCEPT_ID": 320651,
          "STANDARD_CONCEPT": "S",
          "CONCEPT_CODE": "398447004",
          "VOCABULARY_ID": "SNOMED",
          "CONCEPT_NAME": "Severe acute respiratory syndrome",
          "DOMAIN_ID": "Condition",
          "STANDARD_CONCEPT_CAPTION": "Standard",
          "CONCEPT_CLASS_ID": "Clinical Finding",
          "INVALID_REASON": "V"
        },
        "includeMapped": false,
        "includeDescendants": false
      }]},
      "name": "Confirmed COVID-19 (SARS)",
      "id": 1
    }
  ],
  "cdmVersionRange": ">=5.0.0",
  "CensoringCriteria": [],
  "QualifiedLimit": {"Type": "First"},
  "InclusionRules": [],
  "PrimaryCriteria": {
    "CriteriaList": [{"Observation": {
      "ValueAsConcept": null,
      "ObservationType": null,
      "CorrelatedCriteria": null,
      "ObservationTypeExclude": false,
      "ValueAsString": null,
      "CodesetId": 1,
      "ProviderSpecialty": null,
      "Gender": null,
      "Unit": null,
      "ObservationSourceConcept": null,
      "VisitType": null,
      "ValueAsNumber": null,
      "Qualifier": null,
      "First": null,
      "OccurrenceStartDate": null,
      "Age": null
    }}],
    "PrimaryCriteriaLimit": {"Type": "First"},
    "ObservationWindow": {
      "PostDays": 0,
      "PriorDays": 0
    }
  }
}