{
  "ExpressionLimit": {"Type": "First"},
  "CollapseSettings": {
    "CollapseType": "ERA",
    "EraPad": 0
  },
  "CensorWindow": {
    "StartDate": null,
    "EndDate": null
  },
  "ConceptSets": [{
    "expression": {"items": [{
      "isExcluded": false,
      "concept": {
        "INVALID_REASON_CAPTION": "Valid",
        "CONCEPT_ID": 320651,
        "STANDARD_CONCEPT": "S",
        "CONCEPT_CODE": "398447004",
        "VOCABULARY_ID": "SNOMED",
        "CONCEPT_NAME": "Severe acute respiratory syndrome",
        "DOMAIN_ID": "Condition",
        "STANDARD_CONCEPT_CAPTION": "Standard",
        "CONCEPT_CLASS_ID": "Clinical Finding",
        "INVALID_REASON": "V"
      },
      "includeMapped": false,
      "includeDescendants": false
    }]},
    "name": "COVID-19",
    "id": 0
  }],
  "cdmVersionRange": ">=5.0.0",
  "CensoringCriteria": [],
  "QualifiedLimit": {"Type": "First"},
  "InclusionRules": [{
    "expression": {
      "CriteriaList": [{
        "RestrictVisit": false,
        "StartWindow": {
          "UseEventEnd": false,
          "Start": {
            "Days": 90,
            "Coeff": -1
          },
          "End": {
            "Days": 30,
            "Coeff": 1
          },
          "UseIndexEnd": false
        },
        "IgnoreObservationPeriod": false,
        "EndWindow": null,
        "Criteria": {"ConditionOccurrence": {
          "OccurrenceEndDate": null,
          "CorrelatedCriteria": null,
          "ConditionTypeExclude": false,
          "CodesetId": 0,
          "ProviderSpecialty": null,
          "Gender": null,
          "VisitType": null,
          "First": null,
          "OccurrenceStartDate": null,
          "ConditionType": null,
          "ConditionSourceConcept": null,
          "StopReason": null,
          "Age": null
        }},
        "Occurrence": {
          "Type": 2,
          "IsDistinct": false,
          "Count": 1
        }
      }],
      "Type": "ALL",
      "DemographicCriteriaList": [],
      "Groups": [],
      "Count": null
    },
    "name": "COVID-19 confirmation",
    "description": null
  }],
  "PrimaryCriteria": {
    "CriteriaList": [{"Death": {
      "CorrelatedCriteria": null,
      "CodesetId": null,
      "DeathSourceConcept": null,
      "DeathTypeExclude": false,
      "DeathType": null,
      "OccurrenceStartDate": null,
      "Gender": null,
      "Age": null
    }}],
    "PrimaryCriteriaLimit": {"Type": "First"},
    "ObservationWindow": {
      "PostDays": 0,
      "PriorDays": 0
    }
  }
}